task_type,has_bug_fixing,has_code_refactoring,loc,files_touched,author,committer,authored_at,commited_at,commit_time_in_day,author_experience,committer_experience,code_quality,contribution_complexity,communication,total_nloc,avg_nloc,avg_ccn,avg_token,fun_cnt,warning_cnt,fun_rate,nloc_rate,duration
8,0,0,1064635,2233,22,22,2016-11-08 04:49:49,2016-11-08 04:49:49,1,0,0,1.0,4.0,0,0.0,0.0,0.0,0.0,0.0,0.0,0.0,0.0,0.0
8,0,0,1,1,22,22,2016-11-09 03:57:13,2016-11-09 03:57:13,1,0,0,1.0,1.0,0,0.0,0.0,0.0,0.0,0.0,0.0,0.0,0.0,0.0
8,0,0,1,1,22,22,2016-11-09 11:51:58,2016-11-09 11:51:58,2,0,0,1.0,1.0,0,0.0,0.0,0.0,0.0,0.0,0.0,0.0,0.0,0.0
8,0,0,3797,55,22,22,2016-12-31 17:08:39,2016-12-31 17:08:39,3,0,0,1.0,3.0,0,0.0,0.0,0.0,0.0,0.0,0.0,0.0,0.0,0.0
8,0,0,11,1,22,22,2016-12-31 17:30:17,2016-12-31 17:30:17,3,0,0,1.0,1.0,0,0.0,0.0,0.0,0.0,0.0,0.0,0.0,0.0,0.0
1,0,0,4,1,22,22,2016-12-31 17:31:31,2016-12-31 17:31:31,3,0,0,1.0,1.0,0,0.0,0.0,0.0,0.0,0.0,0.0,0.0,0.0,0.0
8,0,0,0,1,22,22,2016-12-31 17:32:38,2016-12-31 17:32:38,3,0,0,1.0,1.0,0,0.0,0.0,0.0,0.0,0.0,0.0,0.0,0.0,0.0
8,0,0,5,1,22,22,2017-01-06 01:35:45,2017-01-06 01:35:45,1,1,1,1.0,1.0,0,0.0,0.0,0.0,0.0,0.0,0.0,0.0,0.0,0.0
8,0,0,6,1,22,22,2017-01-06 01:42:08,2017-01-06 01:42:08,1,1,1,1.0,1.0,0,0.0,0.0,0.0,0.0,0.0,0.0,0.0,0.0,0.0
4,0,0,32897,57,22,22,2017-01-15 01:17:28,2017-01-15 01:17:28,1,1,1,1.0,2.0,0,-4142.0,-7.4,1.4999999999999996,9.399999999999999,276.0,19.0,0.03,-0.009999999999999995,0.0
7,0,0,5190,14,22,22,2017-01-15 13:59:38,2017-01-15 13:59:38,3,1,1,1.0,2.0,0,0.0,0.0,0.0,0.0,0.0,0.0,0.0,0.0,0.0
1,0,1,365,26,22,22,2017-03-18 14:41:14,2017-03-18 14:41:14,3,1,1,1.0,2.0,0,0.0,0.0,0.0,0.0,0.0,0.0,0.0,0.0,0.0
8,0,0,4639,40,22,22,2017-04-18 00:08:57,2017-04-18 00:10:56,1,1,1,1.0,3.0,0,0.0,0.0,0.0,0.0,0.0,0.0,0.0,0.0,0.0330555555555555
1,0,0,14,1,22,22,2017-04-18 01:36:49,2017-04-18 01:36:49,1,1,1,1.0,1.0,0,0.0,0.0,0.0,0.0,0.0,0.0,0.0,0.0,0.0
8,0,0,2,1,22,22,2017-04-18 01:37:24,2017-04-18 01:37:24,1,1,1,1.0,1.0,0,0.0,0.0,0.0,0.0,0.0,0.0,0.0,0.0,0.0
8,0,0,2,1,22,22,2017-04-18 01:54:06,2017-04-18 01:54:06,1,1,1,1.0,1.0,0,0.0,0.0,0.0,0.0,0.0,0.0,0.0,0.0,0.0
8,0,0,2,1,22,22,2017-04-18 02:26:40,2017-04-18 02:26:40,1,1,1,1.0,1.0,0,0.0,0.0,0.0,0.0,0.0,0.0,0.0,0.0,0.0
8,0,0,38,2,22,22,2017-06-16 23:57:22,2017-06-16 23:57:22,4,1,1,1.0,2.0,0,0.0,0.0,0.0,0.0,0.0,0.0,0.0,0.0,0.0
6,0,0,10,1,22,22,2017-06-17 00:03:21,2017-06-17 00:03:21,1,1,1,1.0,1.0,0,0.0,0.0,0.0,0.0,0.0,0.0,0.0,0.0,0.0
1,0,1,60,4,22,22,2017-06-17 12:10:45,2017-06-17 12:10:45,3,1,1,1.0,1.0,0,0.0,0.0,0.0,0.0,0.0,0.0,0.0,0.0,0.0
8,0,0,60,4,22,22,2017-06-17 12:11:27,2017-06-17 12:11:27,3,1,1,1.0,2.0,0,0.0,0.0,0.0,0.0,0.0,0.0,0.0,0.0,0.0
8,0,0,5,2,22,22,2017-06-17 12:12:28,2017-06-17 12:12:28,3,1,1,1.0,1.0,0,0.0,0.0,0.0,0.0,0.0,0.0,0.0,0.0,0.0
8,0,0,4,2,22,22,2017-06-17 12:18:58,2017-06-17 12:18:58,3,1,1,1.0,1.0,0,0.0,0.0,0.0,0.0,0.0,0.0,0.0,0.0,0.0
8,0,0,6,1,22,22,2017-06-17 20:54:37,2017-06-17 20:54:37,4,1,1,1.0,1.0,0,0.0,0.0,0.0,0.0,0.0,0.0,0.0,0.0,0.0
4,0,0,31,3,22,22,2017-06-17 21:12:24,2017-06-17 21:12:24,4,1,1,1.0,2.0,0,0.0,0.0,0.0,0.0,0.0,0.0,0.0,0.0,0.0
1,0,0,7,1,22,22,2017-06-17 22:05:18,2017-06-17 22:05:18,4,1,1,1.0,1.0,0,0.0,0.0,0.0,0.0,0.0,0.0,0.0,0.0,0.0
1,0,0,4456,22,22,22,2017-06-24 11:32:00,2017-06-24 11:32:00,2,1,1,1.0,3.0,0,51.0,0.0,0.0,-0.29999999999999716,3.0,0.0,0.0,0.0,0.0
8,0,0,2,1,22,22,2017-06-24 12:44:45,2017-06-24 12:44:45,3,1,1,1.0,1.0,0,0.0,0.0,0.0,0.0,0.0,0.0,0.0,0.0,0.0
8,0,0,2,1,22,22,2017-06-24 12:47:46,2017-06-24 12:47:46,3,1,1,1.0,1.0,0,0.0,0.0,0.0,0.0,0.0,0.0,0.0,0.0,0.0
8,0,0,298,4,22,22,2017-06-24 13:04:06,2017-06-24 13:04:06,3,1,1,1.0,2.0,0,123.0,0.19999999999999996,0.10000000000000053,0.8999999999999915,7.0,1.0,0.0,0.11,0.0
8,0,0,1129,5,22,22,2017-06-24 14:14:02,2017-06-24 14:14:02,3,1,1,1.0,2.0,0,0.0,0.0,0.0,0.0,0.0,0.0,0.0,0.0,0.0
1,0,0,59,7,22,22,2017-06-24 14:26:01,2017-06-24 14:26:01,3,1,1,1.0,2.0,0,0.0,0.0,0.0,0.0,0.0,0.0,0.0,0.0,0.0
3,0,1,11,1,22,22,2017-06-24 14:29:55,2017-06-24 14:29:55,3,1,1,1.0,1.0,0,0.0,0.0,0.0,0.0,0.0,0.0,0.0,0.0,0.0
2,1,0,26,3,22,22,2017-06-24 14:46:41,2017-06-24 14:46:41,3,1,1,0.9705882352941176,1.0,0,0.0,0.0,0.0,0.0,0.0,0.0,0.0,0.0,0.0
8,0,0,19,1,22,22,2017-07-08 23:36:39,2017-07-08 23:40:07,4,1,1,0.9714285714285714,1.0,0,0.0,0.0,0.0,0.0,0.0,0.0,0.0,0.0,0.0577777777777777
8,0,0,6,1,22,22,2017-07-08 23:43:09,2017-07-08 23:43:09,4,1,1,0.9722222222222222,1.0,0,0.0,0.0,0.0,0.0,0.0,0.0,0.0,0.0,0.0
1,0,0,485,2,22,22,2017-07-08 23:56:44,2017-07-08 23:56:44,4,1,1,0.972972972972973,2.0,0,0.0,0.0,0.0,0.0,0.0,0.0,0.0,0.0,0.0
7,0,0,237,3,22,22,2017-07-13 01:02:35,2017-07-13 01:02:35,1,1,1,0.9736842105263158,2.0,0,0.0,0.0,0.0,0.0,0.0,0.0,0.0,0.0,0.0
2,1,0,2,1,22,22,2017-07-13 01:10:10,2017-07-13 01:10:10,1,1,1,0.9487179487179488,1.0,0,0.0,0.0,0.0,0.0,0.0,0.0,0.0,0.0,0.0
8,0,0,1,1,22,22,2017-07-13 01:25:25,2017-07-13 01:25:25,1,1,1,0.95,1.0,0,0.0,0.0,0.0,0.0,0.0,0.0,0.0,0.0,0.0
8,0,0,1,1,22,22,2017-07-13 01:29:20,2017-07-13 01:29:20,1,1,1,0.951219512195122,1.0,0,0.0,0.0,0.0,0.0,0.0,0.0,0.0,0.0,0.0
1,0,0,6,1,22,22,2017-07-13 01:35:06,2017-07-13 01:35:06,1,1,1,0.9523809523809524,1.0,0,0.0,0.0,0.0,0.0,0.0,0.0,0.0,0.0,0.0
2,1,0,2,1,22,22,2017-07-13 01:42:42,2017-07-13 01:42:42,1,1,1,0.9302325581395348,1.0,0,0.0,0.0,0.0,0.0,0.0,0.0,0.0,0.0,0.0
2,1,0,9,1,22,22,2017-07-13 01:48:03,2017-07-13 01:48:03,1,1,1,0.9090909090909092,1.0,0,0.0,0.0,0.0,0.0,0.0,0.0,0.0,0.0,0.0
8,0,0,2,1,22,22,2017-07-19 01:38:33,2017-07-19 01:38:33,1,1,1,0.9111111111111112,1.0,0,0.0,0.0,0.0,0.0,0.0,0.0,0.0,0.0,0.0
8,0,0,2,1,16,16,2017-07-19 08:45:55,2017-07-19 08:45:55,2,0,0,0.9130434782608696,1.0,0,0.0,0.0,0.0,0.0,0.0,0.0,0.0,0.0,0.0
8,0,0,1,1,22,22,2017-07-19 22:27:53,2017-07-19 22:27:53,4,1,1,0.9148936170212766,1.0,0,0.0,0.0,0.0,0.0,0.0,0.0,0.0,0.0,0.0
1,0,0,581,3,22,22,2017-07-19 01:15:49,2017-07-21 01:19:27,1,1,1,0.9166666666666666,2.0,0,0.0,0.0,0.0,0.0,0.0,0.0,0.0,0.0,48.06055555555555
8,0,0,11,1,22,22,2017-07-21 01:20:28,2017-07-21 01:20:28,1,1,1,0.9183673469387756,1.0,0,0.0,0.0,0.0,0.0,0.0,0.0,0.0,0.0,0.0
2,1,0,5,2,22,22,2017-07-23 12:46:58,2017-07-23 12:46:58,3,1,1,0.9,1.0,0,0.0,0.0,0.0,0.0,0.0,0.0,0.0,0.0,0.0
2,1,0,2,1,22,22,2017-07-23 12:52:13,2017-07-23 12:52:13,3,1,1,0.8823529411764706,1.0,0,0.0,0.0,0.0,0.0,0.0,0.0,0.0,0.0,0.0
1,0,0,9,1,22,22,2017-07-26 01:12:36,2017-07-26 01:12:36,1,1,1,0.8846153846153846,1.0,0,0.0,0.0,0.0,0.0,0.0,0.0,0.0,0.0,0.0
8,0,0,23,1,6,6,2017-07-30 21:43:54,2017-07-30 21:43:54,4,0,0,0.8867924528301887,1.0,0,0.0,0.0,0.0,0.0,0.0,0.0,0.0,0.0,0.0
2,1,0,2,1,6,6,2017-07-30 21:50:12,2017-07-30 21:50:12,4,0,0,0.8703703703703703,1.0,0,0.0,0.0,0.0,0.0,0.0,0.0,0.0,0.0,0.0
2,1,0,2,1,6,6,2017-07-30 22:47:06,2017-07-30 22:47:06,4,0,0,0.8545454545454545,1.0,0,0.0,0.0,0.0,0.0,0.0,0.0,0.0,0.0,0.0
8,0,0,2,1,6,6,2017-07-30 22:50:27,2017-07-30 22:50:27,4,0,0,0.8571428571428572,1.0,0,0.0,0.0,0.0,0.0,0.0,0.0,0.0,0.0,0.0
2,1,0,4,1,8,8,2017-08-02 23:46:18,2017-08-02 23:46:18,4,0,0,0.8421052631578947,1.0,0,0.0,0.0,0.0,0.0,0.0,0.0,0.0,0.0,0.0
8,0,0,6,2,22,22,2017-08-03 10:37:25,2017-08-03 10:37:25,2,1,1,0.8448275862068966,2.0,0,0.0,0.0,0.0,0.0,0.0,0.0,0.0,0.0,0.0
7,0,0,5,1,22,22,2017-08-03 10:37:41,2017-08-03 10:37:41,2,1,1,0.847457627118644,1.0,0,0.0,0.0,0.0,0.0,0.0,0.0,0.0,0.0,0.0
2,1,0,2,1,8,8,2017-08-06 22:48:47,2017-08-06 22:48:47,4,0,0,0.8333333333333334,1.0,0,0.0,0.0,0.0,0.0,0.0,0.0,0.0,0.0,0.0
8,0,0,1,1,6,6,2017-08-10 10:38:21,2017-08-10 10:38:21,2,0,0,0.8360655737704918,1.0,0,0.0,0.0,0.0,0.0,0.0,0.0,0.0,0.0,0.0
8,0,0,1,1,6,6,2017-08-10 10:55:33,2017-08-10 10:55:33,2,0,0,0.8387096774193549,1.0,0,0.0,0.0,0.0,0.0,0.0,0.0,0.0,0.0,0.0
2,1,0,2,1,22,22,2017-08-17 02:07:18,2017-08-17 02:07:18,1,1,1,0.8253968253968254,1.0,0,0.0,0.0,0.0,0.0,0.0,0.0,0.0,0.0,0.0
2,1,0,2,1,0,0,2017-09-04 14:43:24,2017-09-04 14:43:24,3,0,0,0.8125,1.0,0,0.0,0.0,0.0,0.0,0.0,0.0,0.0,0.0,0.0
1,0,0,12,1,0,0,2017-09-24 12:26:24,2017-09-24 12:26:24,3,0,0,0.8153846153846154,1.0,0,0.0,0.0,0.0,0.0,0.0,0.0,0.0,0.0,0.0
8,0,0,4,1,6,6,2017-10-06 15:34:44,2017-10-06 15:34:44,3,0,0,0.8181818181818181,1.0,0,0.0,0.0,0.0,0.0,0.0,0.0,0.0,0.0,0.0
2,1,0,2,1,6,6,2017-10-06 15:40:04,2017-10-06 15:40:04,3,0,0,0.8059701492537313,1.0,0,0.0,0.0,0.0,0.0,0.0,0.0,0.0,0.0,0.0
7,0,0,5,1,3,3,2017-11-28 17:14:56,2017-11-28 17:14:56,3,0,0,0.8088235294117647,1.0,0,0.0,0.0,0.0,0.0,0.0,0.0,0.0,0.0,0.0
7,0,0,2,1,3,3,2017-11-28 17:52:31,2017-11-28 17:52:31,3,0,0,0.8115942028985508,1.0,0,0.0,0.0,0.0,0.0,0.0,0.0,0.0,0.0,0.0
1,0,0,8,1,19,11,2017-11-29 20:48:43,2017-11-29 20:48:43,4,0,0,0.8142857142857143,1.0,1,0.0,0.0,0.0,0.0,0.0,0.0,0.0,0.0,0.0
1,0,0,47,1,0,0,2017-12-10 14:19:48,2017-12-10 14:19:48,3,0,0,0.8169014084507042,2.0,0,0.0,0.0,0.0,0.0,0.0,0.0,0.0,0.0,0.0
8,0,0,4,2,0,0,2017-12-10 14:39:58,2017-12-10 14:39:58,3,0,0,0.8194444444444444,1.0,0,0.0,0.0,0.0,0.0,0.0,0.0,0.0,0.0,0.0
2,1,0,2,1,17,11,2018-01-02 12:53:57,2018-01-02 12:53:57,3,0,1,0.8082191780821918,1.0,1,0.0,0.0,0.0,0.0,0.0,0.0,0.0,0.0,0.0
8,0,0,1,1,2,2,2018-01-27 14:41:26,2018-01-27 14:41:26,3,0,0,0.8108108108108107,1.0,0,0.0,0.0,0.0,0.0,0.0,0.0,0.0,0.0,0.0
8,0,0,4,1,2,2,2018-03-09 03:20:34,2018-03-09 03:20:34,1,0,0,0.8133333333333334,1.0,0,0.0,0.0,0.0,0.0,0.0,0.0,0.0,0.0,0.0
2,1,0,10,1,2,2,2018-03-09 10:39:02,2018-03-09 10:39:02,2,0,0,0.8026315789473684,1.0,0,0.0,0.0,0.0,0.0,0.0,0.0,0.0,0.0,0.0
1,0,0,8,1,21,21,2018-06-04 14:22:37,2018-06-04 14:22:37,3,0,0,0.8051948051948052,1.0,0,0.0,0.0,0.0,0.0,0.0,0.0,0.0,0.0,0.0
7,0,0,9,1,21,21,2018-06-04 14:28:44,2018-06-04 14:28:44,3,0,0,0.8076923076923077,1.0,0,0.0,0.0,0.0,0.0,0.0,0.0,0.0,0.0,0.0
4,0,0,2,1,21,21,2018-06-05 12:17:56,2018-06-05 12:17:56,3,0,0,0.810126582278481,1.0,0,0.0,0.0,0.0,0.0,0.0,0.0,0.0,0.0,0.0
8,0,0,2,1,21,21,2018-06-05 12:19:42,2018-06-05 12:19:42,3,0,0,0.8125,1.0,0,0.0,0.0,0.0,0.0,0.0,0.0,0.0,0.0,0.0
2,1,0,2,1,14,14,2018-07-29 21:47:32,2018-07-29 21:47:32,4,0,0,0.8024691358024691,1.0,0,0.0,0.0,0.0,0.0,0.0,0.0,0.0,0.0,0.0
2,1,0,2,1,4,13,2018-08-15 19:19:24,2018-08-15 19:27:40,4,0,0,0.7926829268292683,1.0,1,0.0,0.0,0.0,0.0,0.0,0.0,0.0,0.0,0.1377777777777777
2,1,0,23,1,6,6,2018-08-20 16:16:55,2018-08-20 16:16:55,3,1,1,0.7831325301204819,1.0,0,0.0,0.0,0.0,0.0,0.0,0.0,0.0,0.0,0.0
2,1,0,6,1,6,6,2018-08-20 16:24:12,2018-08-20 16:24:12,3,1,1,0.7738095238095238,1.0,0,0.0,0.0,0.0,0.0,0.0,0.0,0.0,0.0,0.0
2,1,0,2,1,6,6,2018-08-20 16:28:46,2018-08-20 16:28:46,3,1,1,0.7647058823529411,1.0,0,0.0,0.0,0.0,0.0,0.0,0.0,0.0,0.0,0.0
1,0,0,37,1,6,6,2018-08-20 16:45:49,2018-08-20 16:45:49,3,1,1,0.7674418604651163,2.0,0,0.0,0.0,0.0,0.0,0.0,0.0,0.0,0.0,0.0
8,0,0,22,1,6,6,2018-08-20 17:10:10,2018-08-20 17:10:10,3,1,1,0.7701149425287357,1.0,0,0.0,0.0,0.0,0.0,0.0,0.0,0.0,0.0,0.0
7,0,0,8,1,3,3,2018-09-06 17:51:04,2018-09-08 23:36:24,4,1,1,0.7727272727272727,1.0,0,0.0,0.0,0.0,0.0,0.0,0.0,0.0,0.0,53.75555555555555
2,1,0,4,1,5,5,2018-09-13 21:23:46,2018-09-13 21:23:46,4,0,0,0.7640449438202247,1.0,0,0.0,0.0,0.0,0.0,0.0,0.0,0.0,0.0,0.0
2,1,0,8,1,24,11,2018-09-14 07:31:53,2018-09-14 07:31:53,2,0,1,0.7555555555555555,1.0,1,0.0,0.0,0.0,0.0,0.0,0.0,0.0,0.0,0.0
8,0,0,2,1,5,5,2018-09-14 23:26:07,2018-09-14 23:26:07,4,0,0,0.7582417582417582,1.0,0,0.0,0.0,0.0,0.0,0.0,0.0,0.0,0.0,0.0
1,0,0,6,1,5,5,2018-09-15 00:16:02,2018-09-15 00:16:02,1,0,0,0.7608695652173914,1.0,0,0.0,0.0,0.0,0.0,0.0,0.0,0.0,0.0,0.0
8,0,0,8,2,5,5,2018-09-16 05:03:05,2018-09-16 05:03:05,1,0,0,0.7634408602150538,1.0,0,0.0,0.0,0.0,0.0,0.0,0.0,0.0,0.0,0.0
8,0,0,3,1,5,5,2018-09-16 06:00:20,2018-09-16 06:00:20,2,0,0,0.7659574468085106,1.0,0,0.0,0.0,0.0,0.0,0.0,0.0,0.0,0.0,0.0
2,1,0,10,3,5,5,2018-09-16 06:01:20,2018-09-16 06:01:20,2,0,0,0.7578947368421053,1.0,0,0.0,0.0,0.0,0.0,0.0,0.0,0.0,0.0,0.0
2,1,0,4,1,12,12,2018-10-09 05:34:54,2018-10-09 05:34:54,1,0,0,0.75,1.0,0,0.0,0.0,0.0,0.0,0.0,0.0,0.0,0.0,0.0
3,0,1,18,1,18,18,2018-10-17 16:30:25,2018-10-17 16:30:25,3,0,0,0.7525773195876289,1.0,0,0.0,0.0,0.0,0.0,0.0,0.0,0.0,0.0,0.0
1,0,0,80,1,18,18,2018-10-18 13:48:07,2018-10-18 13:48:07,3,0,0,0.7551020408163265,2.0,0,0.0,0.0,0.0,0.0,0.0,0.0,0.0,0.0,0.0
4,0,0,8,1,18,18,2018-10-18 13:57:57,2018-10-18 13:57:57,3,0,0,0.7575757575757576,1.0,0,0.0,0.0,0.0,0.0,0.0,0.0,0.0,0.0,0.0
5,0,0,2,1,21,11,2019-03-04 14:08:12,2019-03-04 14:08:12,3,1,2,0.76,1.0,1,0.0,0.0,0.0,0.0,0.0,0.0,0.0,0.0,0.0
1,0,0,8,1,6,6,2019-03-07 09:10:49,2019-03-07 09:10:49,2,2,2,0.7623762376237624,1.0,0,0.0,0.0,0.0,0.0,0.0,0.0,0.0,0.0,0.0
1,0,0,12,1,9,11,2019-03-18 22:11:14,2019-03-18 22:11:14,4,0,2,0.7647058823529411,1.0,1,0.0,0.0,0.0,0.0,0.0,0.0,0.0,0.0,0.0
1,0,0,124,2,9,11,2019-03-18 22:13:39,2019-03-18 22:13:39,4,0,2,0.7669902912621359,2.0,1,0.0,0.0,0.0,0.0,0.0,0.0,0.0,0.0,0.0
8,0,0,1,1,1,11,2019-03-18 22:18:51,2019-03-18 22:18:51,4,0,2,0.7692307692307692,1.0,1,0.0,0.0,0.0,0.0,0.0,0.0,0.0,0.0,0.0
2,0,0,22,1,9,11,2019-03-19 00:30:17,2019-03-19 00:30:17,1,0,2,0.7619047619047619,1.0,1,0.0,0.0,0.0,0.0,0.0,0.0,0.0,0.0,0.0
8,0,0,5,1,9,11,2019-03-19 00:41:44,2019-03-19 00:41:44,1,0,2,0.7641509433962264,1.0,1,0.0,0.0,0.0,0.0,0.0,0.0,0.0,0.0,0.0
2,1,0,10,1,9,11,2019-03-19 00:48:46,2019-03-19 00:48:46,1,0,2,0.7570093457943925,1.0,1,0.0,0.0,0.0,0.0,0.0,0.0,0.0,0.0,0.0
8,0,0,379,1,9,11,2019-03-19 18:54:22,2019-03-19 18:54:22,4,0,2,0.7592592592592593,2.0,1,0.0,0.0,0.0,0.0,0.0,0.0,0.0,0.0,0.0
2,1,0,15,1,7,7,2019-03-21 10:32:44,2019-03-21 10:32:44,2,0,0,0.7522935779816513,1.0,0,0.0,0.0,0.0,0.0,0.0,0.0,0.0,0.0,0.0
1,0,0,32,1,7,7,2019-03-21 11:09:18,2019-03-21 11:09:18,2,0,0,0.7545454545454545,2.0,0,0.0,0.0,0.0,0.0,0.0,0.0,0.0,0.0,0.0
1,0,0,38,1,7,7,2019-03-21 11:35:15,2019-03-21 11:35:15,2,0,0,0.7567567567567568,2.0,0,0.0,0.0,0.0,0.0,0.0,0.0,0.0,0.0,0.0
8,0,0,6,1,21,11,2019-03-21 14:06:35,2019-03-21 14:06:35,3,1,2,0.7589285714285714,1.0,1,0.0,0.0,0.0,0.0,0.0,0.0,0.0,0.0,0.0
2,1,0,2,1,7,7,2019-03-21 14:13:38,2019-03-21 14:13:38,3,0,0,0.752212389380531,1.0,0,0.0,0.0,0.0,0.0,0.0,0.0,0.0,0.0,0.0
4,0,0,3,1,7,11,2019-03-21 14:20:17,2019-03-21 14:20:17,3,0,2,0.7543859649122807,1.0,1,0.0,0.0,0.0,0.0,0.0,0.0,0.0,0.0,0.0
7,0,0,170,2,9,11,2019-03-21 15:34:54,2019-03-21 15:34:54,3,0,2,0.7565217391304347,2.0,1,0.0,0.0,0.0,0.0,0.0,0.0,0.0,0.0,0.0
8,0,0,7,1,9,11,2019-03-21 15:37:26,2019-03-21 15:37:26,3,0,2,0.7586206896551724,1.0,1,0.0,0.0,0.0,0.0,0.0,0.0,0.0,0.0,0.0
7,0,0,76,5,9,11,2019-03-21 15:52:34,2019-03-21 15:52:34,3,0,2,0.7606837606837606,2.0,1,0.0,0.0,0.0,0.0,0.0,0.0,0.0,0.0,0.0
2,1,0,5,1,9,11,2019-03-21 16:00:05,2019-03-21 16:00:05,3,0,2,0.7542372881355932,1.0,1,0.0,0.0,0.0,0.0,0.0,0.0,0.0,0.0,0.0
2,0,0,2,1,6,6,2019-03-21 16:02:36,2019-03-21 16:03:09,3,2,2,0.7478991596638656,1.0,0,0.0,0.0,0.0,0.0,0.0,0.0,0.0,0.0,0.0091666666666666
4,0,0,3,1,9,11,2019-03-21 16:15:00,2019-03-21 16:15:00,3,0,2,0.75,1.0,1,0.0,0.0,0.0,0.0,0.0,0.0,0.0,0.0,0.0
1,0,0,57,1,6,6,2019-03-21 16:55:17,2019-03-21 16:55:48,3,2,2,0.7520661157024793,2.0,0,0.0,0.0,0.0,0.0,0.0,0.0,0.0,0.0,0.0086111111111111
8,0,0,0,1,6,6,2019-03-21 17:12:20,2019-03-21 17:12:20,3,2,2,0.7540983606557377,1.0,0,0.0,0.0,0.0,0.0,0.0,0.0,0.0,0.0,0.0
8,0,0,5,1,9,11,2019-03-21 18:53:32,2019-03-21 18:53:32,4,0,2,0.7560975609756098,1.0,1,0.0,0.0,0.0,0.0,0.0,0.0,0.0,0.0,0.0
8,0,0,42,2,9,11,2019-03-21 19:24:44,2019-03-21 19:24:44,4,0,2,0.7580645161290323,1.0,1,0.0,0.0,0.0,0.0,0.0,0.0,0.0,0.0,0.0
7,0,0,10,1,9,11,2019-03-21 19:47:47,2019-03-21 19:47:47,4,0,2,0.76,1.0,1,0.0,0.0,0.0,0.0,0.0,0.0,0.0,0.0,0.0
8,0,0,4,1,9,11,2019-03-21 19:49:00,2019-03-21 19:49:00,4,0,2,0.7619047619047619,1.0,1,0.0,0.0,0.0,0.0,0.0,0.0,0.0,0.0,0.0
8,0,0,6,1,9,11,2019-03-21 19:52:28,2019-03-21 19:52:28,4,0,2,0.7637795275590551,1.0,1,0.0,0.0,0.0,0.0,0.0,0.0,0.0,0.0,0.0
2,1,0,63,7,6,6,2019-03-21 20:20:59,2019-03-21 20:20:59,4,2,2,0.7578125,1.0,0,0.0,0.0,0.0,0.0,0.0,0.0,0.0,0.0,0.0
8,0,0,26,1,9,11,2019-03-21 20:51:20,2019-03-21 20:51:20,4,0,2,0.7596899224806202,1.0,1,0.0,0.0,0.0,0.0,0.0,0.0,0.0,0.0,0.0
4,0,0,7,1,9,11,2019-03-21 23:02:04,2019-03-21 23:02:04,4,0,2,0.7615384615384615,1.0,1,0.0,0.0,0.0,0.0,0.0,0.0,0.0,0.0,0.0
1,0,0,11,1,9,11,2019-03-24 20:48:39,2019-03-24 20:48:39,4,0,2,0.7633587786259541,1.0,1,-51.0,0.0,0.0,0.20000000000000284,-3.0,0.0,0.0,0.0,0.0
8,0,0,6,1,9,11,2019-03-25 17:41:14,2019-03-25 17:41:14,3,0,2,0.7651515151515151,1.0,1,0.0,0.0,0.0,0.0,0.0,0.0,0.0,0.0,0.0
4,0,0,2,1,9,11,2019-03-25 18:59:48,2019-03-25 18:59:48,4,0,2,0.7669172932330828,1.0,1,0.0,0.0,0.0,0.0,0.0,0.0,0.0,0.0,0.0
1,0,0,10,1,9,11,2019-03-25 20:03:23,2019-03-25 20:03:23,4,0,2,0.7686567164179104,1.0,1,0.0,0.0,0.0,0.0,0.0,0.0,0.0,0.0,0.0
8,0,0,155,10,21,21,2019-03-26 16:46:59,2019-03-26 16:46:59,3,1,1,0.7703703703703704,2.0,0,0.0,0.0,0.0,0.0,0.0,0.0,0.0,0.0,0.0
8,0,0,1,1,21,21,2019-03-27 08:37:46,2019-03-27 08:37:46,2,1,1,0.7720588235294118,1.0,0,0.0,0.0,0.0,0.0,0.0,0.0,0.0,0.0,0.0
8,0,0,274,20,21,21,2019-03-27 10:05:23,2019-03-27 10:05:23,2,1,1,0.7737226277372262,2.0,0,0.0,0.0,0.0,0.0,0.0,0.0,0.0,0.0,0.0
8,0,0,3,2,21,21,2019-03-27 10:33:15,2019-03-27 10:33:15,2,1,1,0.7753623188405797,1.0,0,0.0,0.0,0.0,0.0,0.0,0.0,0.0,0.0,0.0
8,0,0,11,1,21,21,2019-03-27 13:12:43,2019-03-27 13:12:43,3,1,1,0.7769784172661871,1.0,0,0.0,0.0,0.0,0.0,0.0,0.0,0.0,0.0,0.0
1,1,1,204,1,9,11,2019-03-28 21:27:23,2019-03-28 21:27:23,4,0,2,0.7714285714285715,2.0,1,0.0,0.0,0.0,0.0,0.0,0.0,0.0,0.0,0.0
4,0,0,11,2,9,11,2019-03-28 22:08:14,2019-03-28 22:08:14,4,0,2,0.7730496453900709,1.0,1,0.0,0.0,0.0,0.0,0.0,0.0,0.0,0.0,0.0
8,0,0,549,21,21,21,2019-04-01 09:05:22,2019-04-01 09:05:22,2,1,1,0.7746478873239436,2.0,0,0.0,0.0,0.0,0.0,0.0,0.0,0.0,0.0,0.0
8,0,0,35,1,21,21,2019-04-01 10:13:28,2019-04-01 10:13:28,2,1,1,0.7762237762237763,2.0,0,0.0,0.0,0.0,0.0,0.0,0.0,0.0,0.0,0.0
1,0,0,37,1,21,21,2019-04-01 10:49:20,2019-04-01 10:49:20,2,1,1,0.7777777777777778,2.0,0,0.0,0.0,0.0,0.0,0.0,0.0,0.0,0.0,0.0
8,0,0,111,3,9,11,2019-04-02 18:04:31,2019-04-02 18:04:31,4,0,2,0.7793103448275862,2.0,1,0.0,0.0,0.0,0.0,0.0,0.0,0.0,0.0,0.0
8,0,0,52,1,9,11,2019-04-02 18:26:15,2019-04-02 18:26:15,4,0,2,0.7808219178082192,2.0,1,0.0,0.0,0.0,0.0,0.0,0.0,0.0,0.0,0.0
2,1,0,2,1,9,11,2019-04-02 18:43:13,2019-04-02 18:43:13,4,0,2,0.7755102040816326,1.0,1,0.0,0.0,0.0,0.0,0.0,0.0,0.0,0.0,0.0
2,1,0,2,1,9,11,2019-04-02 18:56:04,2019-04-02 18:56:04,4,0,2,0.7702702702702703,1.0,1,0.0,0.0,0.0,0.0,0.0,0.0,0.0,0.0,0.0
8,0,0,2,1,9,11,2019-04-02 19:14:24,2019-04-02 19:14:24,4,0,2,0.7718120805369127,1.0,1,0.0,0.0,0.0,0.0,0.0,0.0,0.0,0.0,0.0
8,0,0,32,2,9,11,2019-04-02 20:42:38,2019-04-02 20:42:38,4,0,2,0.7733333333333333,1.0,1,0.0,0.0,0.0,0.0,0.0,0.0,0.0,0.0,0.0
1,0,0,5,2,9,11,2019-04-02 21:01:26,2019-04-02 21:01:26,4,0,2,0.7748344370860927,1.0,1,0.0,0.0,0.0,0.0,0.0,0.0,0.0,0.0,0.0
8,0,0,1,1,9,11,2019-04-02 21:29:27,2019-04-02 21:29:27,4,0,2,0.7763157894736842,1.0,1,0.0,0.0,0.0,0.0,0.0,0.0,0.0,0.0,0.0
8,0,0,0,1,21,21,2019-04-03 08:12:36,2019-04-03 08:12:36,2,1,1,0.7777777777777778,1.0,0,0.0,0.0,0.0,0.0,0.0,0.0,0.0,0.0,0.0
8,0,0,56,1,21,11,2019-04-03 08:26:11,2019-04-03 08:26:11,2,1,2,0.7792207792207793,2.0,1,0.0,0.0,0.0,0.0,0.0,0.0,0.0,0.0,0.0
3,0,1,9,1,21,11,2019-04-03 08:28:59,2019-04-03 08:28:59,2,1,2,0.7806451612903226,1.0,1,0.0,0.0,0.0,0.0,0.0,0.0,0.0,0.0,0.0
2,0,0,3,1,21,11,2019-04-03 08:36:35,2019-04-03 08:36:35,2,1,2,0.7756410256410257,1.0,1,0.0,0.0,0.0,0.0,0.0,0.0,0.0,0.0,0.0
8,0,0,2,1,21,11,2019-04-03 08:38:22,2019-04-03 08:38:22,2,1,2,0.7770700636942676,1.0,1,0.0,0.0,0.0,0.0,0.0,0.0,0.0,0.0,0.0
2,1,0,2,1,21,11,2019-04-03 08:39:53,2019-04-03 08:39:53,2,1,2,0.7721518987341772,1.0,1,0.0,0.0,0.0,0.0,0.0,0.0,0.0,0.0,0.0
8,0,0,3,1,21,11,2019-04-03 08:45:41,2019-04-03 08:45:41,2,1,2,0.7735849056603774,1.0,1,0.0,0.0,0.0,0.0,0.0,0.0,0.0,0.0,0.0
8,0,0,6,1,21,21,2019-04-03 08:49:18,2019-04-03 08:49:35,2,1,1,0.775,1.0,0,0.0,0.0,0.0,0.0,0.0,0.0,0.0,0.0,0.0047222222222222
7,0,0,15,1,9,11,2019-04-03 22:50:33,2019-04-03 22:50:33,4,0,2,0.7763975155279503,1.0,1,0.0,0.0,0.0,0.0,0.0,0.0,0.0,0.0,0.0
8,0,0,52,1,9,11,2019-04-03 23:14:23,2019-04-03 23:14:23,4,0,2,0.7777777777777778,2.0,1,0.0,0.0,0.0,0.0,0.0,0.0,0.0,0.0,0.0
1,0,0,9,1,9,11,2019-04-03 23:19:36,2019-04-03 23:19:36,4,0,2,0.7791411042944785,1.0,1,0.0,0.0,0.0,0.0,0.0,0.0,0.0,0.0,0.0
8,0,0,12,1,9,11,2019-04-03 23:35:45,2019-04-03 23:35:45,4,0,2,0.7804878048780488,1.0,1,0.0,0.0,0.0,0.0,0.0,0.0,0.0,0.0,0.0
2,1,0,2,1,9,11,2019-04-03 23:39:27,2019-04-03 23:39:27,4,0,2,0.7757575757575758,1.0,1,0.0,0.0,0.0,0.0,0.0,0.0,0.0,0.0,0.0
8,0,0,6,1,21,11,2019-04-04 09:43:54,2019-04-04 09:43:54,2,1,2,0.7771084337349398,1.0,1,0.0,0.0,0.0,0.0,0.0,0.0,0.0,0.0,0.0
8,0,0,6,2,21,21,2019-04-04 09:38:10,2019-04-04 09:47:50,2,1,1,0.7784431137724551,1.0,0,0.0,0.0,0.0,0.0,0.0,0.0,0.0,0.0,0.1611111111111111
3,0,1,443,1,9,11,2019-04-08 18:02:24,2019-04-08 18:02:24,4,0,2,0.7797619047619048,2.0,1,0.0,0.0,0.0,0.0,0.0,0.0,0.0,0.0,0.0
2,1,0,35,1,9,11,2019-04-08 18:05:35,2019-04-08 18:05:35,4,0,2,0.7751479289940828,2.0,1,0.0,0.0,0.0,0.0,0.0,0.0,0.0,0.0,0.0
8,0,0,260,1,9,11,2019-04-09 16:26:39,2019-04-09 16:26:39,3,0,2,0.7764705882352941,2.0,1,0.0,0.0,0.0,0.0,0.0,0.0,0.0,0.0,0.0
8,0,0,52,1,10,10,2019-04-26 00:14:14,2019-04-26 00:14:14,1,0,0,0.7777777777777778,2.0,0,0.0,0.0,0.0,0.0,0.0,0.0,0.0,0.0,0.0
8,0,0,2,1,18,11,2019-04-26 12:24:01,2019-04-26 12:24:01,3,1,2,0.7790697674418605,1.0,1,0.0,0.0,0.0,0.0,0.0,0.0,0.0,0.0,0.0
8,0,0,2,1,10,10,2019-04-26 12:55:37,2019-04-26 12:55:37,3,0,0,0.7803468208092486,1.0,0,0.0,0.0,0.0,0.0,0.0,0.0,0.0,0.0,0.0
2,1,0,2,1,10,10,2019-04-26 18:41:53,2019-04-26 18:41:53,4,0,0,0.7758620689655172,1.0,0,0.0,0.0,0.0,0.0,0.0,0.0,0.0,0.0,0.0
8,0,0,2,1,10,10,2019-04-29 13:18:05,2019-04-29 13:18:05,3,0,0,0.7771428571428571,1.0,0,0.0,0.0,0.0,0.0,0.0,0.0,0.0,0.0,0.0
6,0,0,4,1,10,10,2019-04-29 14:44:37,2019-04-29 14:44:37,3,0,0,0.7784090909090909,1.0,0,0.0,0.0,0.0,0.0,0.0,0.0,0.0,0.0,0.0
1,0,0,4,1,10,10,2019-04-30 12:21:35,2019-04-30 12:21:35,3,0,0,0.7796610169491526,1.0,0,0.0,0.0,0.0,0.0,0.0,0.0,0.0,0.0,0.0
8,0,0,5,1,10,10,2019-04-30 14:15:54,2019-04-30 14:15:54,3,0,0,0.7808988764044944,1.0,0,0.0,0.0,0.0,0.0,0.0,0.0,0.0,0.0,0.0
2,1,0,4,1,10,10,2019-04-30 14:22:52,2019-04-30 14:22:52,3,0,0,0.776536312849162,1.0,0,0.0,0.0,0.0,0.0,0.0,0.0,0.0,0.0,0.0
8,0,0,386,8,21,21,2019-05-20 10:09:39,2019-05-20 10:09:39,2,1,1,0.7777777777777778,2.0,0,0.0,0.0,0.0,0.0,0.0,0.0,0.0,0.0,0.0
8,0,0,1440,8,21,21,2019-05-22 09:09:53,2019-05-22 09:10:05,2,1,1,0.7790055248618785,2.0,0,0.0,0.0,0.0,0.0,0.0,0.0,0.0,0.0,0.0033333333333333
8,0,0,1,1,9,11,2019-06-19 15:36:33,2019-06-19 15:36:33,3,0,2,0.7802197802197802,1.0,1,0.0,0.0,0.0,0.0,0.0,0.0,0.0,0.0,0.0
8,0,0,3,1,9,11,2019-06-19 17:36:20,2019-06-19 17:36:20,3,0,2,0.7814207650273224,1.0,1,0.0,0.0,0.0,0.0,0.0,0.0,0.0,0.0,0.0
1,0,0,10,1,21,11,2019-07-18 06:41:11,2019-07-18 06:41:11,2,1,2,0.782608695652174,1.0,1,0.0,0.0,0.0,0.0,0.0,0.0,0.0,0.0,0.0
8,0,0,26,1,21,11,2019-07-18 06:50:11,2019-07-18 06:50:11,2,1,2,0.7837837837837838,1.0,1,0.0,0.0,0.0,0.0,0.0,0.0,0.0,0.0,0.0
8,0,0,56,2,21,21,2019-07-18 07:55:16,2019-07-18 07:55:16,2,1,1,0.7849462365591398,1.0,0,0.0,0.0,0.0,0.0,0.0,0.0,0.0,0.0,0.0
8,0,0,2,1,21,11,2019-07-19 14:10:17,2019-07-19 14:10:17,3,1,2,0.786096256684492,1.0,1,0.0,0.0,0.0,0.0,0.0,0.0,0.0,0.0,0.0
8,0,0,2,1,21,11,2019-07-19 14:10:33,2019-07-19 14:10:33,3,1,2,0.7872340425531915,1.0,1,0.0,0.0,0.0,0.0,0.0,0.0,0.0,0.0,0.0
5,0,0,43,1,21,11,2019-07-22 14:18:29,2019-07-22 14:18:29,3,1,2,0.7883597883597884,2.0,1,0.0,0.0,0.0,0.0,0.0,0.0,0.0,0.0,0.0
1,0,0,1,1,21,21,2019-07-24 16:15:42,2019-07-24 16:15:42,3,1,1,0.7894736842105263,1.0,0,0.0,0.0,0.0,0.0,0.0,0.0,0.0,0.0,0.0
2,1,0,103,8,5,5,2019-07-25 01:32:13,2019-07-25 01:32:13,1,1,1,0.7853403141361257,1.0,0,0.0,0.0,0.0,0.0,0.0,0.0,0.0,0.0,0.0
8,0,0,264,5,5,5,2019-07-25 02:31:56,2019-07-25 02:31:56,1,1,1,0.7864583333333334,2.0,0,0.0,0.0,0.0,0.0,0.0,0.0,0.0,0.0,0.0
8,0,0,306,2,5,5,2019-07-25 02:35:35,2019-07-25 02:35:35,1,1,1,0.7875647668393783,2.0,0,0.0,0.0,0.0,0.0,0.0,0.0,0.0,0.0,0.0
8,0,0,9,2,5,5,2019-07-25 02:40:13,2019-07-25 02:40:13,1,1,1,0.788659793814433,1.0,0,0.0,0.0,0.0,0.0,0.0,0.0,0.0,0.0,0.0
2,1,0,6,1,5,5,2019-07-25 03:15:07,2019-07-25 03:15:07,1,1,1,0.7846153846153846,1.0,0,0.0,0.0,0.0,0.0,0.0,0.0,0.0,0.0,0.0
4,0,0,4,1,5,5,2019-07-25 03:22:54,2019-07-25 03:22:54,1,1,1,0.7857142857142857,1.0,0,0.0,0.0,0.0,0.0,0.0,0.0,0.0,0.0,0.0
4,0,0,2,1,21,21,2019-07-25 07:07:04,2019-07-25 07:07:04,2,1,1,0.7868020304568528,1.0,0,0.0,0.0,0.0,0.0,0.0,0.0,0.0,0.0,0.0
2,1,0,28,1,21,21,2019-07-25 07:25:16,2019-07-25 07:25:16,2,1,1,0.7828282828282829,1.0,0,0.0,0.0,0.0,0.0,0.0,0.0,0.0,0.0,0.0
1,0,0,5,1,5,5,2019-07-26 00:22:15,2019-07-26 00:22:15,1,1,1,0.7839195979899498,1.0,0,0.0,0.0,0.0,0.0,0.0,0.0,0.0,0.0,0.0
2,1,0,6,1,5,5,2019-07-27 04:12:31,2019-07-27 04:12:31,1,1,1,0.78,1.0,0,0.0,0.0,0.0,0.0,0.0,0.0,0.0,0.0,0.0
3,0,1,62,1,5,5,2019-07-27 05:20:26,2019-07-27 05:20:26,1,1,1,0.7810945273631841,2.0,0,0.0,0.0,0.0,0.0,0.0,0.0,0.0,0.0,0.0
7,0,0,8,1,5,5,2019-07-27 23:41:36,2019-07-27 23:41:36,4,1,1,0.7821782178217822,1.0,0,0.0,0.0,0.0,0.0,0.0,0.0,0.0,0.0,0.0
7,0,0,4,1,5,5,2019-07-27 23:56:33,2019-07-27 23:56:33,4,1,1,0.7832512315270936,1.0,0,0.0,0.0,0.0,0.0,0.0,0.0,0.0,0.0,0.0
1,0,0,11,1,5,5,2019-08-02 01:18:23,2019-08-02 01:18:23,1,1,1,0.7843137254901961,1.0,0,0.0,0.0,0.0,0.0,0.0,0.0,0.0,0.0,0.0
1,0,0,56,1,5,5,2019-08-02 01:36:09,2019-08-02 01:36:09,1,1,1,0.7853658536585366,2.0,0,0.0,0.0,0.0,0.0,0.0,0.0,0.0,0.0,0.0
2,1,0,2,1,5,5,2019-08-02 02:10:24,2019-08-02 02:10:24,1,1,1,0.7815533980582524,1.0,0,0.0,0.0,0.0,0.0,0.0,0.0,0.0,0.0,0.0
2,1,0,2,1,3,3,2019-08-05 15:59:58,2019-08-06 17:36:42,3,2,2,0.7777777777777778,1.0,0,0.0,0.0,0.0,0.0,0.0,0.0,0.0,0.0,25.612222222222226
4,0,0,28,1,5,5,2019-08-09 03:09:56,2019-08-09 03:09:56,1,1,1,0.7788461538461539,1.0,0,0.0,0.0,0.0,0.0,0.0,0.0,0.0,0.0,0.0
8,0,0,25,1,5,5,2019-08-10 02:02:00,2019-08-10 02:02:00,1,1,1,0.7799043062200957,1.0,0,0.0,0.0,0.0,0.0,0.0,0.0,0.0,0.0,0.0
1,0,0,15,1,5,5,2019-08-11 04:32:57,2019-08-11 04:32:57,1,1,1,0.780952380952381,1.0,0,0.0,0.0,0.0,0.0,0.0,0.0,0.0,0.0,0.0
2,1,0,4,1,5,5,2019-08-11 05:08:26,2019-08-11 05:08:26,1,1,1,0.7772511848341233,1.0,0,0.0,0.0,0.0,0.0,0.0,0.0,0.0,0.0,0.0
2,1,0,2,1,23,11,2019-08-14 15:19:09,2019-08-14 15:19:09,3,0,2,0.7735849056603774,1.0,1,0.0,0.0,0.0,0.0,0.0,0.0,0.0,0.0,0.0
1,0,0,56,1,5,5,2019-08-24 01:42:31,2019-08-24 01:42:31,1,1,1,0.7746478873239436,2.0,0,0.0,0.0,0.0,0.0,0.0,0.0,0.0,0.0,0.0
8,0,0,6,1,5,5,2019-08-24 01:46:19,2019-08-24 01:46:19,1,1,1,0.7757009345794392,1.0,0,0.0,0.0,0.0,0.0,0.0,0.0,0.0,0.0,0.0
2,1,0,24,1,5,5,2019-08-24 02:25:52,2019-08-24 02:25:52,1,1,1,0.772093023255814,1.0,0,0.0,0.0,0.0,0.0,0.0,0.0,0.0,0.0,0.0
8,0,0,6,1,5,5,2019-08-24 02:30:55,2019-08-24 02:30:55,1,1,1,0.7731481481481481,1.0,0,0.0,0.0,0.0,0.0,0.0,0.0,0.0,0.0,0.0
8,0,0,26,1,5,5,2019-08-24 02:36:01,2019-08-24 02:36:01,1,1,1,0.7741935483870968,1.0,0,0.0,0.0,0.0,0.0,0.0,0.0,0.0,0.0,0.0
2,1,0,2,1,20,20,2019-08-25 10:23:48,2019-08-25 10:23:48,2,0,0,0.7706422018348624,1.0,0,0.0,0.0,0.0,0.0,0.0,0.0,0.0,0.0,0.0
2,1,0,2,1,15,11,2019-09-15 14:53:50,2019-09-15 14:53:50,3,0,2,0.7671232876712328,1.0,1,0.0,0.0,0.0,0.0,0.0,0.0,0.0,0.0,0.0
4,0,0,4,1,3,3,2019-09-23 22:04:09,2019-09-23 22:04:09,4,2,2,0.7681818181818182,1.0,0,0.0,0.0,0.0,0.0,0.0,0.0,0.0,0.0,0.0
2,1,1,59,1,5,5,2019-10-05 22:35:41,2019-10-05 22:35:41,4,1,1,0.7647058823529411,2.0,0,0.0,0.0,0.0,0.0,0.0,0.0,0.0,0.0,0.0
8,0,0,1,1,5,5,2019-10-05 22:36:11,2019-10-05 22:36:11,4,1,1,0.7657657657657657,1.0,0,0.0,0.0,0.0,0.0,0.0,0.0,0.0,0.0,0.0
2,1,1,875,1,5,5,2019-10-07 00:21:02,2019-10-07 00:21:02,1,1,1,0.7623318385650224,2.0,0,0.0,0.0,0.0,0.0,0.0,0.0,0.0,0.0,0.0
1,0,0,372,1,5,5,2019-10-07 01:27:30,2019-10-07 01:27:30,1,1,1,0.7633928571428572,2.0,0,0.0,0.0,0.0,0.0,0.0,0.0,0.0,0.0,0.0
1,0,0,70,1,5,5,2019-10-07 01:52:18,2019-10-07 01:52:18,1,1,1,0.7644444444444445,2.0,0,0.0,0.0,0.0,0.0,0.0,0.0,0.0,0.0,0.0
